species,access,count
Ant,OPEN,2
C. elegans,OPEN,9
Caenorhabditis elegans - Roundworm,OPEN,1
Canis lupus familiaris - Dog,OPEN,1
Cattle,OPEN,9
Crayfish,OPEN,1
Danio rerio - Leopard danio,EMBARGOED,2
Drosophila persimilis,OPEN,1
Fruit fly,EMBARGOED,3
Fruit fly,OPEN,15
Hamster,OPEN,12
Human,EMBARGOED,2
Human,OPEN,58
Macaque,EMBARGOED,13
Macaque,OPEN,57
Marmoset,OPEN,2
Meriones unguiculatus,OPEN,1
Microtus ochrogaster - Prairie voles,OPEN,1
Mouse,EMBARGOED,46
Mouse,OPEN,271
Pig,OPEN,1
Polistes fuscatus,EMBARGOED,1
Rabbit,OPEN,3
Rat,EMBARGOED,17
Rat,OPEN,85
Saimiri boliviensis - Bolivian squirrel monkey,OPEN,2
Taeniopygia guttata - Zebra finch,OPEN,2
Unidentified,OPEN,4
Zebra fish,EMBARGOED,17
Zebra fish,OPEN,27
