bin_left,bin_right,access,count
0.0,0.13,OPEN,84
0.13,0.27,OPEN,0
0.27,0.4,OPEN,45
0.4,0.53,OPEN,26
0.53,0.67,OPEN,31
0.67,0.8,OPEN,40
0.8,0.93,OPEN,32
0.93,1.07,OPEN,51
1.07,1.2,OPEN,57
1.2,1.33,OPEN,57
1.33,1.47,OPEN,49
1.47,1.6,OPEN,44
1.6,1.73,OPEN,23
1.73,1.87,OPEN,18
1.87,2.0,OPEN,11
2.0,2.13,OPEN,15
2.13,2.27,OPEN,7
2.27,2.4,OPEN,9
2.4,2.53,OPEN,6
2.53,2.67,OPEN,1
2.67,2.8,OPEN,1
2.8,2.93,OPEN,2
2.93,3.07,OPEN,2
3.07,3.2,OPEN,1
3.2,3.33,OPEN,0
3.33,3.47,OPEN,0
3.47,3.6,OPEN,0
3.6,3.73,OPEN,0
3.73,3.87,OPEN,0
3.87,4.0,OPEN,0
0.0,0.13,EMBARGOED,31
0.13,0.27,EMBARGOED,0
0.27,0.4,EMBARGOED,16
0.4,0.53,EMBARGOED,2
0.53,0.67,EMBARGOED,3
0.67,0.8,EMBARGOED,14
0.8,0.93,EMBARGOED,8
0.93,1.07,EMBARGOED,3
1.07,1.2,EMBARGOED,6
1.2,1.33,EMBARGOED,7
1.33,1.47,EMBARGOED,3
1.47,1.6,EMBARGOED,6
1.6,1.73,EMBARGOED,1
1.73,1.87,EMBARGOED,3
1.87,2.0,EMBARGOED,0
2.0,2.13,EMBARGOED,0
2.13,2.27,EMBARGOED,3
2.27,2.4,EMBARGOED,1
2.4,2.53,EMBARGOED,0
2.53,2.67,EMBARGOED,0
2.67,2.8,EMBARGOED,0
2.8,2.93,EMBARGOED,0
2.93,3.07,EMBARGOED,0
3.07,3.2,EMBARGOED,0
3.2,3.33,EMBARGOED,0
3.33,3.47,EMBARGOED,0
3.47,3.6,EMBARGOED,0
3.6,3.73,EMBARGOED,0
3.73,3.87,EMBARGOED,0
3.87,4.0,EMBARGOED,0
