period,access,number_added,size_added
2020-03,OPEN,14,0
2020-04,OPEN,2,0
2020-05,OPEN,3,0
2020-06,OPEN,2,0
2020-07,OPEN,3,0
2020-08,OPEN,4,0
2020-09,OPEN,1,0
2020-10,OPEN,1,0
2020-11,OPEN,3,0
2020-12,OPEN,6,0
2021-01,OPEN,3,0
2021-02,OPEN,2,0
2021-03,OPEN,2,0
2021-04,OPEN,5,0
2021-05,OPEN,3,0
2021-06,OPEN,3,0
2021-07,OPEN,2,0
2021-08,OPEN,6,19739094897896
2021-09,OPEN,4,65325343204
2021-10,OPEN,6,2263794104
2021-11,OPEN,4,2866091071450
2021-12,OPEN,5,118359600
2022-01,OPEN,5,4421136389886
2022-02,OPEN,2,85557398483
2022-03,OPEN,2,12313093855
2022-04,EMBARGOED,3,0
2022-04,OPEN,9,1997196689487
2022-05,OPEN,10,4638603542
2022-06,EMBARGOED,1,0
2022-06,OPEN,3,37070582883
2022-07,EMBARGOED,1,0
2022-07,OPEN,8,299407095218082
2022-08,OPEN,1,746089743329
2022-09,OPEN,6,2584285982975
2022-10,EMBARGOED,3,902757407
2022-10,OPEN,2,184788370587
2022-11,EMBARGOED,9,0
2022-11,OPEN,4,1104584865689
2022-12,OPEN,2,90228693931
2023-01,EMBARGOED,1,0
2023-01,OPEN,5,3877487528
2023-02,OPEN,4,74056599219429
2023-03,EMBARGOED,1,0
2023-03,OPEN,8,5763359004244
2023-04,EMBARGOED,3,0
2023-04,OPEN,11,3776613215577
2023-05,EMBARGOED,5,0
2023-05,OPEN,15,1536394595198
2023-06,EMBARGOED,1,0
2023-06,OPEN,8,2026857447314
2023-07,EMBARGOED,3,0
2023-07,OPEN,8,1173723643201
2023-08,OPEN,3,514605011530
2023-09,EMBARGOED,1,0
2023-09,OPEN,17,4008863853456
2023-10,EMBARGOED,3,0
2023-10,OPEN,8,88257942602300
2023-11,EMBARGOED,1,0
2023-11,OPEN,22,20043035051450
2023-12,EMBARGOED,5,0
2023-12,OPEN,8,3674143266390
2024-01,EMBARGOED,91,0
2024-01,OPEN,8,7012320326932
2024-02,EMBARGOED,6,0
2024-02,OPEN,5,92228064363
2024-03,EMBARGOED,1,0
2024-03,OPEN,14,3888390383555
2024-04,EMBARGOED,7,11620133805000
2024-04,OPEN,11,7162314000315
2024-05,EMBARGOED,1,260437058576
2024-05,OPEN,23,17371972371509
2024-06,EMBARGOED,2,682372552696
2024-06,OPEN,26,22915646870077
2024-07,EMBARGOED,5,158090290317
2024-07,OPEN,7,7060269237962
2024-08,EMBARGOED,2,4624015736
2024-08,OPEN,14,69319943237802
2024-09,OPEN,8,5342592058905
2024-10,EMBARGOED,1,190834270888
2024-10,OPEN,10,3283996378581
2024-11,EMBARGOED,3,0
2024-11,OPEN,10,1903421011543
2024-12,EMBARGOED,1,190524899551
2024-12,OPEN,11,28033782057293
2025-01,EMBARGOED,2,200463115499
2025-01,OPEN,5,1335657693123
2025-02,EMBARGOED,1,0
2025-02,OPEN,14,154393660154
2025-03,EMBARGOED,3,31949129130
2025-03,OPEN,12,14843174168179
2025-04,EMBARGOED,5,21830826279
2025-04,OPEN,15,2272822456136
2025-05,EMBARGOED,1,1259723040
2025-05,OPEN,20,9788466939957
2025-06,EMBARGOED,2,35337818206797
2025-06,OPEN,15,1549629257442
2025-07,EMBARGOED,4,7688963257565
2025-07,OPEN,15,741592832640
2025-08,EMBARGOED,3,304666496574
2025-08,OPEN,10,1690263808773
2025-09,EMBARGOED,4,3103677145768
2025-09,OPEN,11,10463058166699
2025-10,EMBARGOED,3,0
2025-10,OPEN,8,8373335457761
2025-11,EMBARGOED,0,14173633755
2025-11,OPEN,8,1400653293139
2025-12,EMBARGOED,0,1048245209
2025-12,OPEN,7,173604674346
2026-01,EMBARGOED,1,1634682050156
2026-01,OPEN,10,13372661059865
2026-02,EMBARGOED,3,1079405966327
2026-02,OPEN,12,6445329162714
2026-03,EMBARGOED,4,445837423652
2026-03,OPEN,5,100135031455459
2026-04,EMBARGOED,3,1946959781522
2026-04,OPEN,16,103298975845659
2026-05,EMBARGOED,4,406500577623
2026-05,OPEN,17,181530249326969
2026-06,EMBARGOED,3,8634098132451
2026-06,OPEN,16,555842854750849
2026-07,EMBARGOED,5,11583070540053
2026-07,OPEN,7,243775482411061
2026-08,EMBARGOED,3,6761980154912
2026-08,OPEN,10,146814113268344
2026-09,EMBARGOED,11,54070365455
2026-09,OPEN,10,158135487385586
2026-10,EMBARGOED,0,2579616512452
2026-10,OPEN,1,40122434949134
